eduardomoya1961;(author:eduardomoya1961 OR @eduardomoya1961)OR;
pautorosantana;(author:pautorosantana OR @pautorosantana)OR;
joseluis_tvyo;(author:joseluis_tvyo OR @joseluis_tvyo)OR;
fredysanchezk;(author:fredysanchezk OR @fredysanchezk)OR;
Vicenteaojeda;(author:Vicenteaojeda OR @Vicenteaojeda)OR;
pereajacque;(author:pereajacque OR @pereajacque)OR;
MestraJaramillo;(author:MestraJaramillo OR @MestraJaramillo)OR;
figuerjoda;(author:figuerjoda OR @figuerjoda)OR;
luisbernardov;(author:luisbernardov OR @luisbernardov)OR;
CESARALOPEZM;(author:CESARALOPEZM OR @CESARALOPEZM)OR;
williamgarciatd;(author:williamgarciatd OR @williamgarciatd)OR;
nestorrestrepob;(author:nestorrestrepob OR @nestorrestrepob)OR;
jamespadillag;(author:jamespadillag OR @jamespadillag)OR;
patcaicedo;(author:patcaicedo OR @patcaicedo)OR;
nlopezfuentes;(author:nlopezfuentes OR @nlopezfuentes)OR;
BettyZorro;(author:BettyZorro OR @BettyZorro)OR;
dannycaiced;(author:dannycaiced OR @dannycaiced)OR;
CuraOrdonezSM;(author:CuraOrdonezSM OR @CuraOrdonezSM)OR;
wilderlopezmar1;(author:wilderlopezmar1 OR @wilderlopezmar1)OR;
DanielOlave01;(author:DanielOlave01 OR @DanielOlave01)OR;
CarlosPaterC;(author:CarlosPaterC OR @CarlosPaterC)OR;
TatianaLopSal;(author:TatianaLopSal OR @TatianaLopSal)OR;
MillaresAlcalde;(author:MillaresAlcalde OR @MillaresAlcalde)OR;
MarcoArbelaez;(author:MarcoArbelaez OR @MarcoArbelaez)OR;
Luismcarvajalin;(author:Luismcarvajalin OR @Luismcarvajalin)OR;
WilsonRuizO;(author:WilsonRuizO OR @WilsonRuizO)OR;
HeinerGaitan;(author:HeinerGaitan OR @HeinerGaitan)OR;
bcgblanquita;(author:bcgblanquita OR @bcgblanquita)OR;
AbucharG;(author:AbucharG OR @AbucharG)OR;
martinRcardona;(author:martinRcardona OR @martinRcardona)OR;
ofcr356;(author:ofcr356 OR @ofcr356)OR;
heribertoeg;(author:heribertoeg OR @heribertoeg)OR;
CAriasDeporte;(author:CAriasDeporte OR @CAriasDeporte)OR;
rafaelbolsp;(author:rafaelbolsp OR @rafaelbolsp)OR;
maurobedoyam;(author:maurobedoyam OR @maurobedoyam)OR;
MartinRojasCar;(author:MartinRojasCar OR @MartinRojasCar)OR;
MarthaAlzate_;(author:MarthaAlzate_ OR @MarthaAlzate_)OR;
victorramospal;(author:victorramospal OR @victorramospal)OR;
oscargomezcxc;(author:oscargomezcxc OR @oscargomezcxc)OR;
AlbertCorredor;(author:AlbertCorredor OR @AlbertCorredor)OR;
elkindavidbueno;(author:elkindavidbueno OR @elkindavidbueno)OR;
RaulCardonaENV;(author:RaulCardonaENV OR @RaulCardonaENV)OR;
johanaaranda_;(author:johanaaranda_ OR @johanaaranda_)OR;
Rodrigo_Lara_;(author:Rodrigo_Lara_ OR @Rodrigo_Lara_)OR;
HoracioJSerpa;(author:HoracioJSerpa OR @HoracioJSerpa)OR;
marioenriquez83;(author:marioenriquez83 OR @marioenriquez83)OR;
MSalazar2014;(author:MSalazar2014 OR @MSalazar2014)OR;
EdwinVlezRendo1;(author:EdwinVlezRendo1 OR @EdwinVlezRendo1)OR;
CarloSotomonte;(author:CarloSotomonte OR @CarloSotomonte)OR;
tobonsanin;(author:tobonsanin OR @tobonsanin)OR;
samuelrobles725;(author:samuelrobles725 OR @samuelrobles725)OR;
PAOLAMARITZABA2;(author:PAOLAMARITZABA2 OR @PAOLAMARITZABA2)OR;
CarlosPinedoC;(author:CarlosPinedoC OR @CarlosPinedoC)OR;
ronaldvaldespad;(author:ronaldvaldespad OR @ronaldvaldespad)OR;
Felixmunozlider;(author:Felixmunozlider OR @Felixmunozlider)OR;
marcoemiliohr;(author:marcoemiliohr OR @marcoemiliohr)OR;
JonathanBosigas;(author:JonathanBosigas OR @JonathanBosigas)OR;
NilsaVillotaR;(author:NilsaVillotaR OR @NilsaVillotaR)OR;
IchaGP_;(author:IchaGP_ OR @IchaGP_)OR;
JorgeERojasG;(author:JorgeERojasG OR @JorgeERojasG)OR;
soydiegotamayo;(author:soydiegotamayo OR @soydiegotamayo)OR;
alejoeder;(author:alejoeder OR @alejoeder)OR;
MarthAgredo;(author:MarthAgredo OR @MarthAgredo)OR;
cballest;(author:cballest OR @cballest)OR;
CamicoDiaz;(author:CamicoDiaz OR @CamicoDiaz)OR;
jernestozapata;(author:jernestozapata OR @jernestozapata)OR;
cesar_hdezc;(author:cesar_hdezc OR @cesar_hdezc)OR;
toyoalcocerR;(author:toyoalcocerR OR @toyoalcocerR)OR;
jorgeacevedo_p;(author:jorgeacevedo_p OR @jorgeacevedo_p)OR;
HugoADiazMarin;(author:HugoADiazMarin OR @HugoADiazMarin)OR;
GonzaloGiraldoA;(author:GonzaloGiraldoA OR @GonzaloGiraldoA)OR;
JoseFsanchezc;(author:JoseFsanchezc OR @JoseFsanchezc)OR;
Mariofigueroaf;(author:Mariofigueroaf OR @Mariofigueroaf)OR;
MeryArizala;(author:MeryArizala OR @MeryArizala)OR;
JarisGonzalez;(author:JarisGonzalez OR @JarisGonzalez)OR;
ErickAl51633509;(author:ErickAl51633509 OR @ErickAl51633509)OR;
carolinaissam;(author:carolinaissam OR @carolinaissam)OR;
MiguelAragonG;(author:MiguelAragonG OR @MiguelAragonG)OR;
JulianPericoJr;(author:JulianPericoJr OR @JulianPericoJr)OR;
joseburgosa;(author:joseburgosa OR @joseburgosa)OR;
CamiloNemocon;(author:CamiloNemocon OR @CamiloNemocon)OR;
CarlosFGalan;(author:CarlosFGalan OR @CarlosFGalan)OR;
ArgenyGomezL;(author:ArgenyGomezL OR @ArgenyGomezL)OR;
Steven_Cardenas;(author:Steven_Cardenas OR @Steven_Cardenas)OR;
MiriamMartDiaz;(author:MiriamMartDiaz OR @MiriamMartDiaz)OR;
JavierGarcesM;(author:JavierGarcesM OR @JavierGarcesM)OR;
IrinaSalasL;(author:IrinaSalasL OR @IrinaSalasL)OR;
OspinaORCAverde;(author:OspinaORCAverde OR @OspinaORCAverde)OR;
PsOswaldoSierra;(author:PsOswaldoSierra OR @PsOswaldoSierra)OR;
PulidoEuripides;(author:PulidoEuripides OR @PulidoEuripides)OR;
RodolfoCorreaV;(author:RodolfoCorreaV OR @RodolfoCorreaV)OR;
CarlosJaimesabg;(author:CarlosJaimesabg OR @CarlosJaimesabg)OR;
YilberSaavedra;(author:YilberSaavedra OR @YilberSaavedra)OR;
Juancamilorpog;(author:Juancamilorpog OR @Juancamilorpog)OR;
cuentaconmary;(author:cuentaconmary OR @cuentaconmary)OR;
juancbocanegra;(author:juancbocanegra OR @juancbocanegra)OR;
jaimecalde50;(author:jaimecalde50 OR @jaimecalde50)OR;
RosaAcevedoJ;(author:RosaAcevedoJ OR @RosaAcevedoJ)OR;
evagonzalez_1;(author:evagonzalez_1 OR @evagonzalez_1)OR;
John_Carrero;(author:John_Carrero OR @John_Carrero)OR;
CJoseMoreno;(author:CJoseMoreno OR @CJoseMoreno)OR;
rugarsan;(author:rugarsan OR @rugarsan)OR;
Juniorecorreav;(author:Juniorecorreav OR @Juniorecorreav)OR;
Diego_Molano;(author:Diego_Molano OR @Diego_Molano)OR;
fjpantoja;(author:fjpantoja OR @fjpantoja)OR;
AlexBaqueroS;(author:AlexBaqueroS OR @AlexBaqueroS)OR;
Soyleojacome_;(author:Soyleojacome_ OR @Soyleojacome_)OR;
juancaparody;(author:juancaparody OR @juancaparody)OR;
dannymorenocor;(author:dannymorenocor OR @dannymorenocor)OR;
OscarAlejoC;(author:OscarAlejoC OR @OscarAlejoC)OR;
FuerzaCSuacha;(author:FuerzaCSuacha OR @FuerzaCSuacha)OR;
valencia_albaro;(author:valencia_albaro OR @valencia_albaro)OR;
MarioBallen__;(author:MarioBallen__ OR @MarioBallen__)OR;
DiegoTItagui;(author:DiegoTItagui OR @DiegoTItagui)OR;
Dumek_turbay;(author:Dumek_turbay OR @Dumek_turbay)OR;
HaroldMosqueraR;(author:HaroldMosqueraR OR @HaroldMosqueraR)OR;
elViejoDeivy;(author:elViejoDeivy OR @elViejoDeivy)OR;
romeromario87;(author:romeromario87 OR @romeromario87)OR;
JairoPiraq93239;(author:JairoPiraq93239 OR @JairoPiraq93239)OR;
Jacobo_Alcalde;(author:Jacobo_Alcalde OR @Jacobo_Alcalde)OR;
GustavoBolivar;(author:GustavoBolivar OR @GustavoBolivar)OR;
harrysilva;(author:harrysilva OR @harrysilva)OR;
cesararizaariza;(author:cesararizaariza OR @cesararizaariza)OR;
Robinso00862162;(author:Robinso00862162 OR @Robinso00862162)OR;
javierjuliob;(author:javierjuliob OR @javierjuliob)OR;
"""JaimeMoficial";"(author:""JaimeMoficial OR @""JaimeMoficial)OR";
wilsongonzale_;(author:wilsongonzale_ OR @wilsongonzale_)OR;
germancasaguab;(author:germancasaguab OR @germancasaguab)OR;
miltonvillamiz5;(author:miltonvillamiz5 OR @miltonvillamiz5)OR;
antoniobohrquez;(author:antoniobohrquez OR @antoniobohrquez)OR;
YamithVanegas00;(author:YamithVanegas00 OR @YamithVanegas00)OR;
natnatiguaranfa;(author:natnatiguaranfa OR @natnatiguaranfa)OR;
GarciaHerrerosJ;(author:GarciaHerrerosJ OR @GarciaHerrerosJ)OR;
MarioViteriP;(author:MarioViteriP OR @MarioViteriP)OR;
MedicoWilliam;(author:MedicoWilliam OR @MedicoWilliam)OR;
LopesierraSanta;(author:LopesierraSanta OR @LopesierraSanta)OR;
SanabriaApuleyo;(author:SanabriaApuleyo OR @SanabriaApuleyo)OR;
MariamulataCTG;(author:MariamulataCTG OR @MariamulataCTG)OR;
JaiserPalacio;(author:JaiserPalacio OR @JaiserPalacio)OR;
PadreHuerfano1;(author:PadreHuerfano1 OR @PadreHuerfano1)OR;
"""ludwingbga";"(author:""ludwingbga OR @""ludwingbga)OR";
santiago_zq;(author:santiago_zq OR @santiago_zq)OR;
CesarRojasCucut;(author:CesarRojasCucut OR @CesarRojasCucut)OR;
camiloquirozh;(author:camiloquirozh OR @camiloquirozh)OR;
PlinioPerez4;(author:PlinioPerez4 OR @PlinioPerez4)OR;
MiyerlandiT;(author:MiyerlandiT OR @MiyerlandiT)OR;
LigiadelcarmenC;(author:LigiadelcarmenC OR @LigiadelcarmenC)OR;
ROSSEMBEGIND;(author:ROSSEMBEGIND OR @ROSSEMBEGIND)OR;
EhianaGaleano;(author:EhianaGaleano OR @EhianaGaleano)OR;
diago_ujueta;(author:diago_ujueta OR @diago_ujueta)OR;
WagnerMosquera1;(author:WagnerMosquera1 OR @WagnerMosquera1)OR;
jfsalanaya;(author:jfsalanaya OR @jfsalanaya)OR;
fredis_perea;(author:fredis_perea OR @fredis_perea)OR;
juanacorderom;(author:juanacorderom OR @juanacorderom)OR;
fabiangomezcaro;(author:fabiangomezcaro OR @fabiangomezcaro)OR;
RRsoyciudadano;(author:RRsoyciudadano OR @RRsoyciudadano)OR;
soyelprofehugo;(author:soyelprofehugo OR @soyelprofehugo)OR;
FicoGutierrez;(author:FicoGutierrez OR @FicoGutierrez)OR;
deison_madera;(author:deison_madera OR @deison_madera)OR;
BlancoAlcalde;(author:BlancoAlcalde OR @BlancoAlcalde)OR;
alvaroportillaa;(author:alvaroportillaa OR @alvaroportillaa)OR;
soyjaimeandres;(author:soyjaimeandres OR @soyjaimeandres)OR;
FabianOviedoP;(author:FabianOviedoP OR @FabianOviedoP)OR;
William_Manserr;(author:William_Manserr OR @William_Manserr)OR;
JoseBarretoIbag;(author:JoseBarretoIbag OR @JoseBarretoIbag)OR;
LaVallecaucana;(author:LaVallecaucana OR @LaVallecaucana)OR;
rogercisnerosp;(author:rogercisnerosp OR @rogercisnerosp)OR;
juan_kblanco;(author:juan_kblanco OR @juan_kblanco)OR;
GustavodelaOss3;(author:GustavodelaOss3 OR @GustavodelaOss3)OR;
jaimepenarobles;(author:jaimepenarobles OR @jaimepenarobles)OR;
"""Nicolas_ramos_b";"(author:""Nicolas_ramos_b OR @""Nicolas_ramos_b)OR";
RicardoFerro_;(author:RicardoFerro_ OR @RicardoFerro_)OR;
mariaicampoc;(author:mariaicampoc OR @mariaicampoc)OR;
deicyelena;(author:deicyelena OR @deicyelena)OR;
RamirezHubert;(author:RamirezHubert OR @RamirezHubert)OR;
felipevelezroa;(author:felipevelezroa OR @felipevelezroa)OR;
ElGeneralVargas;(author:ElGeneralVargas OR @ElGeneralVargas)OR;
JuanCSuazaMovil;(author:JuanCSuazaMovil OR @JuanCSuazaMovil)OR;
GenaroRedondoC;(author:GenaroRedondoC OR @GenaroRedondoC)OR;
"""herrerajoao1";"(author:""herrerajoao1 OR @""herrerajoao1)OR";
JaimeOMarinez;(author:JaimeOMarinez OR @JaimeOMarinez)OR;
alpevid;(author:alpevid OR @alpevid)OR;
JRobertOisa;(author:JRobertOisa OR @JRobertOisa)OR;
LuisaRave3;(author:LuisaRave3 OR @LuisaRave3)OR;
jluismora3;(author:jluismora3 OR @jluismora3)OR;
StefanyGomezArm;(author:StefanyGomezArm OR @StefanyGomezArm)OR;
GiovannyGmezPa1;(author:GiovannyGmezPa1 OR @GiovannyGmezPa1)OR;
EugeniaAguilarR;(author:EugeniaAguilarR OR @EugeniaAguilarR)OR;
VivesRicardo;(author:VivesRicardo OR @VivesRicardo)OR;
manolete;(author:manolete OR @manolete)OR;
FAG_26;(author:FAG_26 OR @FAG_26)OR;
edinsondiosa;(author:edinsondiosa OR @edinsondiosa)OR;
JoseOsorioG;(author:JoseOsorioG OR @JoseOsorioG)OR;
robertoortizu;(author:robertoortizu OR @robertoortizu)OR;
marcorozco1;(author:marcorozco1 OR @marcorozco1)OR;
maicolopera;(author:maicolopera OR @maicolopera)OR;
davidsilva89;(author:davidsilva89 OR @davidsilva89)OR;
CesarGarcia0013;(author:CesarGarcia0013 OR @CesarGarcia0013)OR;
FabioAristiA;(author:FabioAristiA OR @FabioAristiA)OR;
JovannyVasquezG;(author:JovannyVasquezG OR @JovannyVasquezG)OR;
Jose_Ortega06;(author:Jose_Ortega06 OR @Jose_Ortega06)OR;
DrNelsonNavarro;(author:DrNelsonNavarro OR @DrNelsonNavarro)OR;
alex_sanchez_es;(author:alex_sanchez_es OR @alex_sanchez_es)OR;
sergiomaldoh;(author:sergiomaldoh OR @sergiomaldoh)OR;
voycontrujillo;(author:voycontrujillo OR @voycontrujillo)OR;
AlvaroAriasRda;(author:AlvaroAriasRda OR @AlvaroAriasRda)OR;
oscarguerra_flo;(author:oscarguerra_flo OR @oscarguerra_flo)OR;
JERobledo;(author:JERobledo OR @JERobledo)OR;
RenzoGarciaP;(author:RenzoGarciaP OR @RenzoGarciaP)OR;
KaReNpGoMeZ;(author:KaReNpGoMeZ OR @KaReNpGoMeZ)OR;
JenyPulso;(author:JenyPulso OR @JenyPulso)OR;
YahirAcunaCa;(author:YahirAcunaCa OR @YahirAcunaCa)OR;
RFiloz;(author:RFiloz OR @RFiloz)OR;
alfaro_aldemar;(author:alfaro_aldemar OR @alfaro_aldemar)OR;
JaderCuestaH;(author:JaderCuestaH OR @JaderCuestaH)OR;
JORGE_BOLIVAR;(author:JORGE_BOLIVAR OR @JORGE_BOLIVAR)OR;
DianaRojasCali;(author:DianaRojasCali OR @DianaRojasCali)OR;
CarlosParraBUC;(author:CarlosParraBUC OR @CarlosParraBUC)OR;
consuelordonez;(author:consuelordonez OR @consuelordonez)OR;
Campo_Ramirez_;(author:Campo_Ramirez_ OR @Campo_Ramirez_)OR;
LilianaDeFrente;(author:LilianaDeFrente OR @LilianaDeFrente)OR;
miguelvillarra4;(author:miguelvillarra4 OR @miguelvillarra4)OR;
yopalpipe;(author:yopalpipe OR @yopalpipe)OR;
DarlingGuevaraG;(author:DarlingGuevaraG OR @DarlingGuevaraG)OR;
solorzanogpaul;(author:solorzanogpaul OR @solorzanogpaul)OR;
MiyelaMaria;(author:MiyelaMaria OR @MiyelaMaria)OR;
linadearmas;(author:linadearmas OR @linadearmas)OR;
juancachavezn;(author:juancachavezn OR @juancachavezn)OR;
blanquita_giron;(author:blanquita_giron OR @blanquita_giron)OR;
DavidFajardoGra;(author:DavidFajardoGra OR @DavidFajardoGra)OR;
lidysmoreno_;(author:lidysmoreno_ OR @lidysmoreno_)OR;
kerguelenhugo;(author:kerguelenhugo OR @kerguelenhugo)OR;
gustavovelezr;(author:gustavovelezr OR @gustavovelezr)OR;
Ricardosolarte;(author:Ricardosolarte OR @Ricardosolarte)OR;
MarcosUrrutiaOf;(author:MarcosUrrutiaOf OR @MarcosUrrutiaOf)OR;
luisro32;(author:luisro32 OR @luisro32)OR;
LEONELMARQUEZS;(author:LEONELMARQUEZS OR @LEONELMARQUEZS)OR;
omaurotoro;(author:omaurotoro OR @omaurotoro)OR;
AlejandroChar;(author:AlejandroChar OR @AlejandroChar)OR;
wilsonmariogar;(author:wilsonmariogar OR @wilsonmariogar)OR;
PauAguinaga;(author:PauAguinaga OR @PauAguinaga)OR;
danielduquev;(author:danielduquev OR @danielduquev)OR;
JulianPalaciosO;(author:JulianPalaciosO OR @JulianPalaciosO)OR;
JDOviedoA;(author:JDOviedoA OR @JDOviedoA)OR;
Julypaola2015;(author:Julypaola2015 OR @Julypaola2015)OR;
juanpablocanop;(author:juanpablocanop OR @juanpablocanop)OR;
andrespavila;(author:andrespavila OR @andrespavila)OR;
JhonTurizoH;(author:JhonTurizoH OR @JhonTurizoH)OR;
murillofer71;(author:murillofer71 OR @murillofer71)OR;
MichelRequiniva;(author:MichelRequiniva OR @MichelRequiniva)OR;
Migueltru;(author:Migueltru OR @Migueltru)OR;
LuisCarlosVall;(author:LuisCarlosVall OR @LuisCarlosVall)OR;
JuanCaUpeguiV;(author:JuanCaUpeguiV OR @JuanCaUpeguiV)OR;
LEONBEDOYA;(author:LEONBEDOYA OR @LEONBEDOYA)OR;
jaimemejia;(author:jaimemejia OR @jaimemejia)OR;
OscarSantosGal;(author:OscarSantosGal OR @OscarSantosGal)OR;
MorenoGoyo;(author:MorenoGoyo OR @MorenoGoyo)OR;
jaimeandresgm;(author:jaimeandresgm OR @jaimeandresgm)OR;
deninsonmendoza;(author:deninsonmendoza OR @deninsonmendoza)OR;
DanisRenteria;(author:DanisRenteria OR @DanisRenteria)OR;
SergioMolinaP;(author:SergioMolinaP OR @SergioMolinaP)OR;
CarlosA72392188;(author:CarlosA72392188 OR @CarlosA72392188)OR;
noviteno;(author:noviteno OR @noviteno)OR;
JDValde;(author:JDValde OR @JDValde)OR;
Alfonso_lastraf;(author:Alfonso_lastraf OR @Alfonso_lastraf)OR;
NicolasToro2023;(author:NicolasToro2023 OR @NicolasToro2023)OR;
libiamosquerav;(author:libiamosquerav OR @libiamosquerav)OR;
RodallegaAlcald;(author:RodallegaAlcald OR @RodallegaAlcald)OR;
AdolfoOrdez2;(author:AdolfoOrdez2 OR @AdolfoOrdez2)OR;
DianaOsoriopei;(author:DianaOsoriopei OR @DianaOsoriopei)OR;
orlandomforero;(author:orlandomforero OR @orlandomforero)OR;
JUANquenza;(author:JUANquenza OR @JUANquenza)OR;
RubenCardonaS;(author:RubenCardonaS OR @RubenCardonaS)OR;
evervillegasmo;(author:evervillegasmo OR @evervillegasmo)OR;299
josedurancamara;(author:josedurancamara OR @josedurancamara)OR;
AminLosadaConce;(author:AminLosadaConce OR @AminLosadaConce)OR;
ODBenavidesA;(author:ODBenavidesA OR @ODBenavidesA)OR;
JorgeConstainD;(author:JorgeConstainD OR @JorgeConstainD)OR;
CarlosHugoPied1;(author:CarlosHugoPied1 OR @CarlosHugoPied1)OR;
luchoeldetodos;(author:luchoeldetodos OR @luchoeldetodos)OR;
ElquinJadrian;(author:ElquinJadrian OR @ElquinJadrian)OR;
Buriticaoficial;(author:Buriticaoficial OR @Buriticaoficial)OR;
EmiroAriasBueno;(author:EmiroAriasBueno OR @EmiroAriasBueno)OR;
sergioflechas;(author:sergioflechas OR @sergioflechas)OR;
jhonchota;(author:jhonchota OR @jhonchota)OR;
JimmyPedrerosOf;(author:JimmyPedrerosOf OR @JimmyPedrerosOf)OR;
hectorfabio_;(author:hectorfabio_ OR @hectorfabio_)OR;
HectorJavierOso;(author:HectorJavierOso OR @HectorJavierOso)OR;
emersonmenesesg;(author:emersonmenesesg OR @emersonmenesesg)OR;
edgarmurcia85;(author:edgarmurcia85 OR @edgarmurcia85)OR;
YoNegroBlanchar;(author:YoNegroBlanchar OR @YoNegroBlanchar)OR;
JoseDelbyVargas;(author:JoseDelbyVargas OR @JoseDelbyVargas)OR;
PerezDautt;(author:PerezDautt OR @PerezDautt)OR;
Diegoelninjaesp;(author:Diegoelninjaesp OR @Diegoelninjaesp)OR;
JessOmarRe83336;(author:JessOmarRe83336 OR @JessOmarRe83336)OR;
guerra_burbano;(author:guerra_burbano OR @guerra_burbano)OR;
LuchoAgudeloI;(author:LuchoAgudeloI OR @LuchoAgudeloI)OR;
ErnestoOrozcoD;(author:ErnestoOrozcoD OR @ErnestoOrozcoD)OR;
ArmandoACali;(author:ArmandoACali OR @ArmandoACali)OR;
