Nebio_Echeverry;(author:Nebio_Echeverry OR @Nebio_Echeverry)OR;166
scubadventure;(author:scubadventure OR @scubadventure)OR;
VictorLRamirez;(author:VictorLRamirez OR @VictorLRamirez)OR;
haroldgober;(author:haroldgober OR @haroldgober)OR;
juanchitoacuna1;(author:juanchitoacuna1 OR @juanchitoacuna1)OR;
LucyGobernadora;(author:LucyGobernadora OR @LucyGobernadora)OR;
robertoastorqui;(author:robertoastorqui OR @robertoastorqui)OR;
Juan_DDiaz;(author:Juan_DDiaz OR @Juan_DDiaz)OR;
quintinherreraq;(author:quintinherreraq OR @quintinherreraq)OR;
RLopezArevalo1;(author:RLopezArevalo1 OR @RLopezArevalo1)OR;
GabrielCalleA;(author:GabrielCalleA OR @GabrielCalleA)OR;
PatinoJuanD;(author:PatinoJuanD OR @PatinoJuanD)OR;
LilianaG_Cundi;(author:LilianaG_Cundi OR @LilianaG_Cundi)OR;
REMBERTOBENITE1;(author:REMBERTOBENITE1 OR @REMBERTOBENITE1)OR;
Juangabrielbaca;(author:Juangabrielbaca OR @Juangabrielbaca)OR;
josedomingocort;(author:josedomingocort OR @josedomingocort)OR;
OscarCondeO;(author:OscarCondeO OR @OscarCondeO)OR;
alfredovarelad;(author:alfredovarelad OR @alfredovarelad)OR;
palominogober;(author:palominogober OR @palominogober)OR;
Zadechine;(author:Zadechine OR @Zadechine)OR;
ArturoCalderonR;(author:ArturoCalderonR OR @ArturoCalderonR)OR;
CesarChapalQ;(author:CesarChapalQ OR @CesarChapalQ)OR;
GermanguzmanAr;(author:GermanguzmanAr OR @GermanguzmanAr)OR;
LuchoPorCaqueta;(author:LuchoPorCaqueta OR @LuchoPorCaqueta)OR;
nicolasgob;(author:nicolasgob OR @nicolasgob)OR;
_GustavoLondono;(author:_GustavoLondono OR @_GustavoLondono)OR;
juanPab57692816;(author:juanPab57692816 OR @juanPab57692816)OR;
guerrasottoS;(author:guerrasottoS OR @guerrasottoS)OR;
vero_patinoj;(author:vero_patinoj OR @vero_patinoj)OR;
LuisFSuarezV;(author:LuisFSuarezV OR @LuisFSuarezV)OR;
YamilHAranaP;(author:YamilHAranaP OR @YamilHAranaP)OR;
epalaciosenado;(author:epalaciosenado OR @epalaciosenado)OR;
jimmyboscan;(author:jimmyboscan OR @jimmyboscan)OR;
mariseladuarter;(author:mariseladuarter OR @mariseladuarter)OR;
YeilorEspinel;(author:YeilorEspinel OR @YeilorEspinel)OR;
Patrocinio_SM;(author:Patrocinio_SM OR @Patrocinio_SM)OR;
MarlonCGarnica;(author:MarlonCGarnica OR @MarlonCGarnica)OR;
PARRACR102;(author:PARRACR102 OR @PARRACR102)OR;
EMirandaG;(author:EMirandaG OR @EMirandaG)OR;
Chalabyf;(author:Chalabyf OR @Chalabyf)OR;
ArismelPadilla;(author:ArismelPadilla OR @ArismelPadilla)OR;
Juandiegogj;(author:Juandiegogj OR @Juandiegogj)OR;
ProfeFerley;(author:ProfeFerley OR @ProfeFerley)OR;
VelandiaGuille;(author:VelandiaGuille OR @VelandiaGuille)OR;
WilmarBarbosa;(author:WilmarBarbosa OR @WilmarBarbosa)OR;
AntonioSanguino;(author:AntonioSanguino OR @AntonioSanguino)OR;
EugenioPrietoS;(author:EugenioPrietoS OR @EugenioPrietoS)OR;
JulianBedoyaGo;(author:JulianBedoyaGo OR @JulianBedoyaGo)OR;
josearaujonieto;(author:josearaujonieto OR @josearaujonieto)OR;
luiscarlosdipu;(author:luiscarlosdipu OR @luiscarlosdipu)OR;
ingjuan_torres;(author:ingjuan_torres OR @ingjuan_torres)OR;
FerneyLozanoC;(author:FerneyLozanoC OR @FerneyLozanoC)OR;
tulioagomez;(author:tulioagomez OR @tulioagomez)OR;
WilderNavarroQ;(author:WilderNavarroQ OR @WilderNavarroQ)OR;
CarlosAmayaR;(author:CarlosAmayaR OR @CarlosAmayaR)OR;
LuisAlfonsoEsc;(author:LuisAlfonsoEsc OR @LuisAlfonsoEsc)OR;
YennyTrujilloSC;(author:YennyTrujilloSC OR @YennyTrujilloSC)OR;
jhoneddison;(author:jhoneddison OR @jhoneddison)OR;
RamonEli2755;(author:RamonEli2755 OR @RamonEli2755)OR;
ClementinaGuaya;(author:ClementinaGuaya OR @ClementinaGuaya)OR;
NubiaCarolinaCC;(author:NubiaCarolinaCC OR @NubiaCarolinaCC)OR;
Rodrigo_LaraS;(author:Rodrigo_LaraS OR @Rodrigo_LaraS)OR;
juanmigalvisB;(author:juanmigalvisB OR @juanmigalvisB)OR;
Vianagerman1;(author:Vianagerman1 OR @Vianagerman1)OR;
cbryaning;(author:cbryaning OR @cbryaning)OR;
generalmora1;(author:generalmora1 OR @generalmora1)OR;
CASIMIROCABRERA;(author:CASIMIROCABRERA OR @CASIMIROCABRERA)OR;
EDWARDRUIDIAZ;(author:EDWARDRUIDIAZ OR @EDWARDRUIDIAZ)OR;
Williamandrescs;(author:Williamandrescs OR @Williamandrescs)OR;
DavidGarciaMCO;(author:DavidGarciaMCO OR @DavidGarciaMCO)OR;
kalebvilla;(author:kalebvilla OR @kalebvilla)OR;
AdrianaMatizTol;(author:AdrianaMatizTol OR @AdrianaMatizTol)OR;
pantoja_nilza;(author:pantoja_nilza OR @pantoja_nilza)OR;
edwardLibreros_;(author:edwardLibreros_ OR @edwardLibreros_)OR;
PorrasYully;(author:PorrasYully OR @PorrasYully)OR;
mrafael70;(author:mrafael70 OR @mrafael70)OR;
GiraldoMira_Rob;(author:GiraldoMira_Rob OR @GiraldoMira_Rob)OR;
laurandriolis;(author:laurandriolis OR @laurandriolis)OR;
HectorGMantilla;(author:HectorGMantilla OR @HectorGMantilla)OR;
yolandawongb;(author:yolandawongb OR @yolandawongb)OR;
AngelicaVerbelL;(author:AngelicaVerbelL OR @AngelicaVerbelL)OR;
tavoarregoces;(author:tavoarregoces OR @tavoarregoces)OR;
FonFlorez;(author:FonFlorez OR @FonFlorez)OR;
Henrygutian;(author:Henrygutian OR @Henrygutian)OR;
Luis_Perez_G;(author:Luis_Perez_G OR @Luis_Perez_G)OR;
RodrigoRojas;(author:RodrigoRojas OR @RodrigoRojas)OR;
GerardoRoseroP;(author:GerardoRoseroP OR @GerardoRoseroP)OR;
romana_emilio;(author:romana_emilio OR @romana_emilio)OR;
jaiaguilar;(author:jaiaguilar OR @jaiaguilar)OR;
JULIETHPAOLAJIM;(author:JULIETHPAOLAJIM OR @JULIETHPAOLAJIM)OR;
BarenoNixon;(author:BarenoNixon OR @BarenoNixon)OR;
oskrsin;(author:oskrsin OR @oskrsin)OR;
LuisAlexis2023;(author:LuisAlexis2023 OR @LuisAlexis2023)OR;
williamndes_;(author:williamndes_ OR @williamndes_)OR;
SilvaOrrego;(author:SilvaOrrego OR @SilvaOrrego)OR;
JCGobernador;(author:JCGobernador OR @JCGobernador)OR;
SantiCastrogo;(author:SantiCastrogo OR @SantiCastrogo)OR;
KatiaOspino;(author:KatiaOspino OR @KatiaOspino)OR;
CiroDeLeonB;(author:CiroDeLeonB OR @CiroDeLeonB)OR;
eudoroalvarez1;(author:eudoroalvarez1 OR @eudoroalvarez1)OR;
Mauronmj;(author:Mauronmj OR @Mauronmj)OR;
elviamilenasd;(author:elviamilenasd OR @elviamilenasd)OR;
NancyPatriciaG_;(author:NancyPatriciaG_ OR @NancyPatriciaG_)OR;
DavidMuneraC;(author:DavidMuneraC OR @DavidMuneraC)OR;
marthaaltahona;(author:marthaaltahona OR @marthaaltahona)OR;
BalagueraHector;(author:BalagueraHector OR @BalagueraHector)OR;
DarioVasquezS;(author:DarioVasquezS OR @DarioVasquezS)OR;
JorgeEmilioRey;(author:JorgeEmilioRey OR @JorgeEmilioRey)OR;
AndresJRendonC;(author:AndresJRendonC OR @AndresJRendonC)OR;
RomuloAT2022;(author:RomuloAT2022 OR @RomuloAT2022)OR;
raymundomarenco;(author:raymundomarenco OR @raymundomarenco)OR;
BernerZambrano;(author:BernerZambrano OR @BernerZambrano)OR;
MeryLuzLondooG1;(author:MeryLuzLondooG1 OR @MeryLuzLondooG1)OR;
BAIRONENRIQUEML;(author:BAIRONENRIQUEML OR @BAIRONENRIQUEML)OR;
GralJuvenalDiaz;(author:GralJuvenalDiaz OR @GralJuvenalDiaz)OR;
Ingerod2022;(author:Ingerod2022 OR @Ingerod2022)OR;
gpinzonb;(author:gpinzonb OR @gpinzonb)OR;
gilderpalacios;(author:gilderpalacios OR @gilderpalacios)OR;
DrJavierMarulan;(author:DrJavierMarulan OR @DrJavierMarulan)OR;
JulianaEncisoM_;(author:JulianaEncisoM_ OR @JulianaEncisoM_)OR;
MarioFerAlco;(author:MarioFerAlco OR @MarioFerAlco)OR;
marcela_amayag;(author:marcela_amayag OR @marcela_amayag)OR;
JulianSilvaCala;(author:JulianSilvaCala OR @JulianSilvaCala)OR;
LuisRobertoRM;(author:LuisRobertoRM OR @LuisRobertoRM)OR;
eduardoocoroc;(author:eduardoocoroc OR @eduardoocoroc)OR;
hosmanmartinezm;(author:hosmanmartinezm OR @hosmanmartinezm)OR;
sandragobhuila;(author:sandragobhuila OR @sandragobhuila)OR;
Osgazu;(author:Osgazu OR @Osgazu)OR;
AlfredoMolinaTr;(author:AlfredoMolinaTr OR @AlfredoMolinaTr)OR;
ErasmoZB;(author:ErasmoZB OR @ErasmoZB)OR;
estebanrestre;(author:estebanrestre OR @estebanrestre)OR;
fuerbringerjl;(author:fuerbringerjl OR @fuerbringerjl)OR;
MarioJMaturana;(author:MarioJMaturana OR @MarioJMaturana)OR;
SalcedoFC25;(author:SalcedoFC25 OR @SalcedoFC25)OR;
CesarOrtiZorro;(author:CesarOrtiZorro OR @CesarOrtiZorro)OR;
WilliamOpina;(author:WilliamOpina OR @WilliamOpina)OR;
AnzuetaYule_Paz;(author:AnzuetaYule_Paz OR @AnzuetaYule_Paz)OR;
EsJamesUrrego;(author:EsJamesUrrego OR @EsJamesUrrego)OR;
AlbeiroVanegas;(author:AlbeiroVanegas OR @AlbeiroVanegas)OR;
MayorcaCastilla;(author:MayorcaCastilla OR @MayorcaCastilla)OR;
AtilanoAGiraldo;(author:AtilanoAGiraldo OR @AtilanoAGiraldo)OR;
rovillalba;(author:rovillalba OR @rovillalba)OR;
claudiamzuleta;(author:claudiamzuleta OR @claudiamzuleta)OR;
ararat_mejia;(author:ararat_mejia OR @ararat_mejia)OR;
AlexandraPinor;(author:AlexandraPinor OR @AlexandraPinor)OR;
DianaPerafanCau;(author:DianaPerafanCau OR @DianaPerafanCau)OR;
GermanZapataVe;(author:GermanZapataVe OR @GermanZapataVe)OR;
JorgeGomezG;(author:JorgeGomezG OR @JorgeGomezG)OR;
PanaSurelys;(author:PanaSurelys OR @PanaSurelys)OR;
katia_outten;(author:katia_outten OR @katia_outten)OR;
padrevictor2023;(author:padrevictor2023 OR @padrevictor2023)OR;
GermanPachecoH;(author:GermanPachecoH OR @GermanPachecoH)OR;
ManuelPerezRue1;(author:ManuelPerezRue1 OR @ManuelPerezRue1)OR;
veranodelarosa;(author:veranodelarosa OR @veranodelarosa)OR;
MallathM;(author:MallathM OR @MallathM)OR;
DilianFrancisca;(author:DilianFrancisca OR @DilianFrancisca)OR;
fulbertoguevara;(author:fulbertoguevara OR @fulbertoguevara)OR;
DiegoGonzalez_t;(author:DiegoGonzalez_t OR @DiegoGonzalez_t)OR;
RafaelaCortesZ2;(author:RafaelaCortesZ2 OR @RafaelaCortesZ2)OR;
yolandamenesesm;(author:yolandamenesesm OR @yolandamenesesm)OR;
Mauriciotobonf;(author:Mauriciotobonf OR @Mauriciotobonf)OR;
olmos_cordero;(author:olmos_cordero OR @olmos_cordero)OR;
juanamud_;(author:juanamud_ OR @juanamud_)OR;
YessicaCabeza;(author:YessicaCabeza OR @YessicaCabeza)OR;
ingrodolfohdez;(author:ingrodolfohdez OR @ingrodolfohdez)OR;
MiguelHhernandz;(author:MiguelHhernandz OR @MiguelHhernandz)OR;
